{
  "train_loss": [
    0.2273866661271845,
    0.06587507042565341,
    0.03576416250836698
  ],
  "val_loss": [
    0.08121079621259528,
    0.05476545802641498,
    0.055845729023491476
  ],
  "val_f1": [
    0.928774228405484,
    0.9555514034213586,
    0.9643386448889479
  ]
}