{
  "train_loss": [
    0.028017110751970165,
    0.013388305872224913,
    0.008757742770432215
  ],
  "maxim_losses": [
    {
      "quantity": 0.03399555156678718,
      "quality": 0.015326214804867197,
      "relation": 0.016142378936564256,
      "manner": 0.04562233979931943
    },
    {
      "quantity": 0.015276468253982853,
      "quality": 0.008590008613421832,
      "relation": 0.006301149650273589,
      "manner": 0.02251838400279205
    },
    {
      "quantity": 0.009361670283496682,
      "quality": 0.0064510579641700394,
      "relation": 0.003563862554918086,
      "manner": 0.014890103049689744
    }
  ]
}