{
  "quantity": {
    "positive": 2.220081135902637,
    "negative": 0.6453419811320755
  },
  "quality": {
    "positive": 3.1331106870229006,
    "negative": 0.5949447363652836
  },
  "relation": {
    "positive": 2.386264534883721,
    "negative": 0.6325370834136005
  },
  "manner": {
    "positive": 1.5847007722007722,
    "negative": 0.7304783092324806
  }
}