{
  "train_loss": [
    0.017782032051654434,
    0.006509408987219876,
    0.0027042905722903738,
    0.0014352782700664266,
    0.0007883177470155774,
    0.00044927750515012365,
    0.0003458389317490391,
    0.00030091152417611815
  ],
  "val_f1": [
    0.6207948448265349,
    0.9037635751761138,
    0.9210878221507413,
    0.9251263902932254,
    0.9275891196234007,
    0.9273622886373325,
    0.9318399452804378,
    0.930358550039401
  ],
  "val_metrics": [
    {
      "quantity": {
        "f1": 0.9107142857142856,
        "precision": 0.9272727272727272,
        "recall": 0.8947368421052632,
        "prob_mean": 0.3896213173866272,
        "prob_std": 0.1595553159713745
      },
      "quality": {
        "f1": 0,
        "precision": 0,
        "recall": 0.0,
        "prob_mean": 0.4120228588581085,
        "prob_std": 0.04232427477836609
      },
      "relation": {
        "f1": 0.948051948051948,
        "precision": 1.0,
        "recall": 0.9012345679012346,
        "prob_mean": 0.35506612062454224,
        "prob_std": 0.1007726788520813
      },
      "manner": {
        "f1": 0.6244131455399061,
        "precision": 0.642512077294686,
        "recall": 0.6073059360730594,
        "prob_mean": 0.46864834427833557,
        "prob_std": 0.03529547154903412
      }
    },
    {
      "quantity": {
        "f1": 0.9821428571428572,
        "precision": 1.0,
        "recall": 0.9649122807017544,
        "prob_mean": 0.2907593250274658,
        "prob_std": 0.25818201899528503
      },
      "quality": {
        "f1": 0.8516746411483254,
        "precision": 0.9175257731958762,
        "recall": 0.7946428571428571,
        "prob_mean": 0.26713940501213074,
        "prob_std": 0.17100359499454498
      },
      "relation": {
        "f1": 0.9969230769230769,
        "precision": 0.9938650306748467,
        "recall": 1.0,
        "prob_mean": 0.3141970634460449,
        "prob_std": 0.26295313239097595
      },
      "manner": {
        "f1": 0.7843137254901961,
        "precision": 0.6872852233676976,
        "recall": 0.91324200913242,
        "prob_mean": 0.4317288398742676,
        "prob_std": 0.16255100071430206
      }
    },
    {
      "quantity": {
        "f1": 1.0,
        "precision": 1.0,
        "recall": 1.0,
        "prob_mean": 0.29910147190093994,
        "prob_std": 0.3279834985733032
      },
      "quality": {
        "f1": 0.8744186046511627,
        "precision": 0.912621359223301,
        "recall": 0.8392857142857143,
        "prob_mean": 0.25815242528915405,
        "prob_std": 0.20939330756664276
      },
      "relation": {
        "f1": 0.9938650306748467,
        "precision": 0.9878048780487805,
        "recall": 1.0,
        "prob_mean": 0.28285953402519226,
        "prob_std": 0.3129618763923645
      },
      "manner": {
        "f1": 0.8160676532769556,
        "precision": 0.7598425196850394,
        "recall": 0.8812785388127854,
        "prob_mean": 0.38216203451156616,
        "prob_std": 0.2438746839761734
      }
    },
    {
      "quantity": {
        "f1": 1.0,
        "precision": 1.0,
        "recall": 1.0,
        "prob_mean": 0.29615944623947144,
        "prob_std": 0.3463689088821411
      },
      "quality": {
        "f1": 0.8744186046511627,
        "precision": 0.912621359223301,
        "recall": 0.8392857142857143,
        "prob_mean": 0.22495411336421967,
        "prob_std": 0.2343534380197525
      },
      "relation": {
        "f1": 1.0,
        "precision": 1.0,
        "recall": 1.0,
        "prob_mean": 0.25795650482177734,
        "prob_std": 0.3367384076118469
      },
      "manner": {
        "f1": 0.826086956521739,
        "precision": 0.7282229965156795,
        "recall": 0.954337899543379,
        "prob_mean": 0.4057159721851349,
        "prob_std": 0.2990591526031494
      }
    },
    {
      "quantity": {
        "f1": 1.0,
        "precision": 1.0,
        "recall": 1.0,
        "prob_mean": 0.27867040038108826,
        "prob_std": 0.3521219491958618
      },
      "quality": {
        "f1": 0.8773584905660378,
        "precision": 0.93,
        "recall": 0.8303571428571429,
        "prob_mean": 0.20596431195735931,
        "prob_std": 0.24569331109523773
      },
      "relation": {
        "f1": 1.0,
        "precision": 1.0,
        "recall": 1.0,
        "prob_mean": 0.26075509190559387,
        "prob_std": 0.3423682451248169
      },
      "manner": {
        "f1": 0.8329979879275654,
        "precision": 0.7446043165467626,
        "recall": 0.9452054794520548,
        "prob_mean": 0.391557902097702,
        "prob_std": 0.3215975761413574
      }
    },
    {
      "quantity": {
        "f1": 1.0,
        "precision": 1.0,
        "recall": 1.0,
        "prob_mean": 0.27260828018188477,
        "prob_std": 0.3547133505344391
      },
      "quality": {
        "f1": 0.8744186046511627,
        "precision": 0.912621359223301,
        "recall": 0.8392857142857143,
        "prob_mean": 0.2068626433610916,
        "prob_std": 0.25590255856513977
      },
      "relation": {
        "f1": 1.0,
        "precision": 1.0,
        "recall": 1.0,
        "prob_mean": 0.2525040805339813,
        "prob_std": 0.345293790102005
      },
      "manner": {
        "f1": 0.835030549898167,
        "precision": 0.7536764705882353,
        "recall": 0.9360730593607306,
        "prob_mean": 0.37704405188560486,
        "prob_std": 0.3294847011566162
      }
    },
    {
      "quantity": {
        "f1": 1.0,
        "precision": 1.0,
        "recall": 1.0,
        "prob_mean": 0.27047228813171387,
        "prob_std": 0.35671547055244446
      },
      "quality": {
        "f1": 0.8744186046511627,
        "precision": 0.912621359223301,
        "recall": 0.8392857142857143,
        "prob_mean": 0.20392589271068573,
        "prob_std": 0.25768110156059265
      },
      "relation": {
        "f1": 1.0,
        "precision": 1.0,
        "recall": 1.0,
        "prob_mean": 0.2559266984462738,
        "prob_std": 0.34607598185539246
      },
      "manner": {
        "f1": 0.8529411764705883,
        "precision": 0.7898832684824902,
        "recall": 0.9269406392694064,
        "prob_mean": 0.3609631359577179,
        "prob_std": 0.33090269565582275
      }
    },
    {
      "quantity": {
        "f1": 1.0,
        "precision": 1.0,
        "recall": 1.0,
        "prob_mean": 0.2712840139865875,
        "prob_std": 0.35829275846481323
      },
      "quality": {
        "f1": 0.8703703703703703,
        "precision": 0.9038461538461539,
        "recall": 0.8392857142857143,
        "prob_mean": 0.20754243433475494,
        "prob_std": 0.2590599060058594
      },
      "relation": {
        "f1": 1.0,
        "precision": 1.0,
        "recall": 1.0,
        "prob_mean": 0.2551647424697876,
        "prob_std": 0.3469134271144867
      },
      "manner": {
        "f1": 0.8510638297872339,
        "precision": 0.796812749003984,
        "recall": 0.91324200913242,
        "prob_mean": 0.35753610730171204,
        "prob_std": 0.33017390966415405
      }
    }
  ]
}