{
  "quantity": 0.1,
  "quality": 0.5818822841463992,
  "relation": 0.1,
  "manner": 0.6515716212629745
}