{
  "train_loss": [
    1.268507251422567,
    0.8688117243172344,
    0.6040057311489965,
    0.4309787484201703,
    0.32647486310171436
  ],
  "val_loss": [
    0.9659659514165101,
    0.8367646407147447,
    0.7749380103328145,
    0.7505574084913352,
    0.7653272284681022
  ]
}